RewriteEngine On
Redirect 301 /nuuzi/index.html https://huoa.org/
Redirect 301 /nuuzi/about/about.html https://huoa.org/mission-purpose
Redirect 301 /nuuzi/about/8principals.html https://huoa.org/mission-purpose
Redirect 301 /nuuzi/about/history.html https://huoa.org/history-of-huoa
Redirect 301 /nuuzi/about/hoc.html https://huoa.org/hawaii-okinawa-center
Redirect 301 /nuuzi/giving/ikuyumadin2012.html https://huoa.org/hawaii-okinawa-plaza
Redirect 301 /nuuzi/about/huoalogo.html https://huoa.org/history-of-huoa
Redirect 301 /nuuzi/about/memberclubs.html https://huoa.org/clubs
Redirect 301 /nuuzi/about/officers/officers2022.html https://huoa.org/huoa-team
Redirect 301 /nuuzi/about/officers/officers2021.html https://huoa.org/huoa-team
Redirect 301 /nuuzi/about/officers/officers2020.html https://huoa.org/huoa-team
Redirect 301 /nuuzi/about/officers/officers2019.html https://huoa.org/huoa-team
Redirect 301 /nuuzi/about/officers/officers2018.html https://huoa.org/huoa-team
Redirect 301 /nuuzi/about/officers/officers2017.html https://huoa.org/huoa-team
Redirect 301 /nuuzi/about/officers/officers2016.html https://huoa.org/huoa-team
Redirect 301 /nuuzi/about/officers/officers2015.html https://huoa.org/huoa-team
Redirect 301 /nuuzi/about/officers/officers2014.html https://huoa.org/huoa-team
Redirect 301 /nuuzi/about/officers/officers2013.html https://huoa.org/huoa-team
Redirect 301 /nuuzi/about/officers/officers2012.html https://huoa.org/huoa-team
Redirect 301 /nuuzi/about/officers/officers2011.html https://huoa.org/huoa-team
Redirect 301 /nuuzi/about/officers/officers2010.html https://huoa.org/huoa-team
Redirect 301 /nuuzi/about/officers/officers2009.html https://huoa.org/huoa-team
Redirect 301 /nuuzi/about/officers/officers2008.htm https://huoa.org/huoa-team
Redirect 301 /nuuzi/contact/contact-HUOA.html https://huoa.org/contact
Redirect 301 /nuuzi/banquetfacility/banquetfacility.html https://huoa.org/banquet-facility
Redirect 301 /nuuzi/clubs/awasedoshikai.html https://huoa.org/clubs/awase-doshi-kai
Redirect 301 /nuuzi/faq/faq.html https://huoa.org/
Redirect 301 /nuuzi/sports/sports.html https://huoa.org/sports-leagues
Redirect 301 /nuuzi/sports/bowling.html https://huoa.org/sports-leagues
Redirect 301 /nuuzi/sports/volleyball_champs.html https://huoa.org/sports-leagues
Redirect 301 /nuuzi/calendar/calendar.html https://huoa.org/calendar
Redirect 301 /nuuzi/calendar/sub/class.html https://huoa.org/calendar
Redirect 301 /nuuzi/awards/awards.html https://huoa.org/scholarships
Redirect 301 /nuuzi/giftshop/gift%20shop.html http://www.shophuoa.com/
Redirect 301 /nuuzi/uchinanchu/uchinanchu.html https://huoa.org/watch-and-listen
Redirect 301 /nuuzi/media/media.html https://huoa.org/newsletters
Redirect 301 /nuuzi/purpleblast/pbsignup.html https://huoa.org/#newsletters
Redirect 301 /nuuzi/giving/giving.html https://huoa.org/donate
Redirect 301 /nuuzi/paypal/paypal.html https://huoa.org/donate
Redirect 301 /nuuzi/giving/volunteer.html https://huoa.org/volunteer
Redirect 301 /nuuzi/calendar/sub/cdc.html https://huoa.org/events/warabi-ashibi-children-at-play-childrens-day-camp
Redirect 301 /nuuzi/calendar/sub/legacy.html https://huoa.org/events/legacy-award-banquet
Redirect 301 /nuuzi/calendar/sub/autumndance.html https://huoa.org/events/autumn-matsuri
Redirect 301 /nuuzi/calendar/sub/StudyTour/StudyTour.html https://huoa.org/events/study-tour-in-okinawa
Redirect 301 /nuuzi/calendar/sub/craftfair.html https://huoa.org/events/winter-craft-fair-at-hoc
Redirect 301 /nuuzi/calendar/sub/ https://huoa.org/events/
Redirect 301 /nuuzi/calendar/hoccu13.html https://huoa.org/volunteer
Redirect 301 /nuuzi/calendar/sub/installbanquet.html https://huoa.org/events/uchinanchu-of-the-year-and-72nd-installation-celebration
